REGION	POS	REF	ALT	REF_DP	REF_RV	REF_QUAL	ALT_DP	ALT_RV	ALT_QUAL	ALT_FREQ	TOTAL_DP	PVAL	PASS	GFF_FEATURE	REF_CODON	REF_AA	ALT_CODON	ALT_AA
MN908947.3	37	C	G	5	2	44	1	0	29	0.166667	6	0.5	FALSE	NA	NA	NA	NA	NA
MN908947.3	38	A	G	12	4	44	1	0	33	0.0769231	13	0.448276	FALSE	NA	NA	NA	NA	NA
MN908947.3	241	C	T	0	0	0	84	9	63	1	84	3.19406e-65	TRUE	NA	NA	NA	NA	NA
MN908947.3	330	A	G	234	44	48	13	0	32	0.0526316	247	1.47599e-05	TRUE	CDS:ENSSASP00005000003	CAG	Q	CGG	R
MN908947.3	330	A	G	234	44	48	13	0	32	0.0526316	247	1.47599e-05	TRUE	CDS:ENSSASP00005000002	CAG	Q	CGG	R
MN908947.3	739	A	G	26	0	67	1	0	33	0.037037	27	0.369863	FALSE	CDS:ENSSASP00005000003	CAA	Q	CAG	Q
MN908947.3	739	A	G	26	0	67	1	0	33	0.037037	27	0.369863	FALSE	CDS:ENSSASP00005000002	CAA	Q	CAG	Q
MN908947.3	913	C	T	2	1	52	40	9	67	0.952381	42	3.90369e-29	TRUE	CDS:ENSSASP00005000003	TCC	S	TCT	S
MN908947.3	913	C	T	2	1	52	40	9	67	0.952381	42	3.90369e-29	TRUE	CDS:ENSSASP00005000002	TCC	S	TCT	S
MN908947.3	2218	T	C	10	0	63	1	0	20	0.0909091	11	0.37931	FALSE	CDS:ENSSASP00005000003	TTT	F	TTC	F
MN908947.3	2218	T	C	10	0	63	1	0	20	0.0909091	11	0.37931	FALSE	CDS:ENSSASP00005000002	TTT	F	TTC	F
MN908947.3	2453	C	T	1	0	71	101	27	64	0.990196	102	1.56863e-76	TRUE	CDS:ENSSASP00005000003	CTC	L	TTC	F
MN908947.3	2453	C	T	1	0	71	101	27	64	0.990196	102	1.56863e-76	TRUE	CDS:ENSSASP00005000002	CTC	L	TTC	F
MN908947.3	3037	C	T	0	0	0	143	39	61	1	143	3.4288e-107	TRUE	CDS:ENSSASP00005000003	TTC	F	TTT	F
MN908947.3	3037	C	T	0	0	0	143	39	61	1	143	3.4288e-107	TRUE	CDS:ENSSASP00005000002	TTC	F	TTT	F
MN908947.3	3621	G	A	15	0	71	1	0	75	0.0625	16	0.347826	FALSE	CDS:ENSSASP00005000003	GGC	G	GAC	D
MN908947.3	3621	G	A	15	0	71	1	0	75	0.0625	16	0.347826	FALSE	CDS:ENSSASP00005000002	GGC	G	GAC	D
MN908947.3	5087	A	G	0	0	0	1	0	37	1	1	1	FALSE	CDS:ENSSASP00005000003	AAA	K	GAA	E
MN908947.3	5087	A	G	0	0	0	1	0	37	1	1	1	FALSE	CDS:ENSSASP00005000002	AAA	K	GAA	E
MN908947.3	5260	T	A	3	1	55	2	0	72	0.4	5	0.128205	FALSE	CDS:ENSSASP00005000003	ACT	T	ACA	T
MN908947.3	5260	T	A	3	1	55	2	0	72	0.4	5	0.128205	FALSE	CDS:ENSSASP00005000002	ACT	T	ACA	T
MN908947.3	5388	C	A	4	0	38	2391	3	60	0.997497	2397	0	TRUE	CDS:ENSSASP00005000003	GCT	A	GAT	D
MN908947.3	5388	C	A	4	0	38	2391	3	60	0.997497	2397	0	TRUE	CDS:ENSSASP00005000002	GCT	A	GAT	D
MN908947.3	5807	A	G	17	3	64	1	0	77	0.0555556	18	0.36	FALSE	CDS:ENSSASP00005000003	ATA	I	GTA	V
MN908947.3	5807	A	G	17	3	64	1	0	77	0.0555556	18	0.36	FALSE	CDS:ENSSASP00005000002	ATA	I	GTA	V
MN908947.3	5986	C	T	0	0	0	49	0	57	1	49	2.7535e-35	TRUE	CDS:ENSSASP00005000003	TTC	F	TTT	F
MN908947.3	5986	C	T	0	0	0	49	0	57	1	49	2.7535e-35	TRUE	CDS:ENSSASP00005000002	TTC	F	TTT	F
MN908947.3	6340	T	C	8	2	56	1	0	70	0.111111	9	0.409091	FALSE	CDS:ENSSASP00005000003	TTT	F	TTC	F
MN908947.3	6340	T	C	8	2	56	1	0	70	0.111111	9	0.409091	FALSE	CDS:ENSSASP00005000002	TTT	F	TTC	F
MN908947.3	6380	C	G	12	3	61	2	2	39	0.142857	14	0.144444	FALSE	CDS:ENSSASP00005000003	CTT	L	GTT	V
MN908947.3	6380	C	G	12	3	61	2	2	39	0.142857	14	0.144444	FALSE	CDS:ENSSASP00005000002	CTT	L	GTT	V
MN908947.3	6410	G	T	26	7	65	1	1	31	0.037037	27	0.375	FALSE	CDS:ENSSASP00005000003	GAA	E	TAA	*
MN908947.3	6410	G	T	26	7	65	1	1	31	0.037037	27	0.375	FALSE	CDS:ENSSASP00005000002	GAA	E	TAA	*
MN908947.3	6418	A	C	25	6	67	1	1	32	0.0384615	26	0.366197	FALSE	CDS:ENSSASP00005000003	GTA	V	GTC	V
MN908947.3	6418	A	C	25	6	67	1	1	32	0.0384615	26	0.366197	FALSE	CDS:ENSSASP00005000002	GTA	V	GTC	V
MN908947.3	6425	A	T	23	6	70	1	1	33	0.0416667	24	0.363636	FALSE	CDS:ENSSASP00005000003	AAT	N	TAT	Y
MN908947.3	6425	A	T	23	6	70	1	1	33	0.0416667	24	0.363636	FALSE	CDS:ENSSASP00005000002	AAT	N	TAT	Y
MN908947.3	6435	T	A	18	4	70	1	0	71	0.0526316	19	0.339286	FALSE	CDS:ENSSASP00005000003	ATA	I	AAA	K
MN908947.3	6435	T	A	18	4	70	1	0	71	0.0526316	19	0.339286	FALSE	CDS:ENSSASP00005000002	ATA	I	AAA	K
MN908947.3	6696	C	+T	291	57	63	21	0	20	0.0427699	491	3.49844e-06	TRUE	NA	NA	NA	NA	NA
MN908947.3	7414	G	T	1	0	37	1	0	33	0.5	2	0.666667	FALSE	CDS:ENSSASP00005000003	ATG	M	ATT	I
MN908947.3	7414	G	T	1	0	37	1	0	33	0.5	2	0.666667	FALSE	CDS:ENSSASP00005000002	ATG	M	ATT	I
MN908947.3	7460	C	A	2	0	55	1	0	38	0.333333	3	0.428571	FALSE	CDS:ENSSASP00005000003	CAT	H	AAT	N
MN908947.3	7460	C	A	2	0	55	1	0	38	0.333333	3	0.428571	FALSE	CDS:ENSSASP00005000002	CAT	H	AAT	N
MN908947.3	7473	G	A	3	0	47	1	0	33	0.25	4	0.5	FALSE	CDS:ENSSASP00005000003	GGT	G	GAT	D
MN908947.3	7473	G	A	3	0	47	1	0	33	0.25	4	0.5	FALSE	CDS:ENSSASP00005000002	GGT	G	GAT	D
MN908947.3	7635	C	A	18	1	50	1	0	73	0.0526316	19	0.413043	FALSE	CDS:ENSSASP00005000003	ACA	T	AAA	K
MN908947.3	7635	C	A	18	1	50	1	0	73	0.0526316	19	0.413043	FALSE	CDS:ENSSASP00005000002	ACA	T	AAA	K
MN908947.3	8888	C	T	0	0	0	1	1	39	1	1	0.5	FALSE	CDS:ENSSASP00005000003	CGC	R	TGC	C
MN908947.3	8888	C	T	0	0	0	1	1	39	1	1	0.5	FALSE	CDS:ENSSASP00005000002	CGC	R	TGC	C
MN908947.3	10516	T	C	6	0	50	1	0	32	0.142857	7	0.411765	FALSE	CDS:ENSSASP00005000003	TAT	Y	TAC	Y
MN908947.3	10516	T	C	6	0	50	1	0	32	0.142857	7	0.411765	FALSE	CDS:ENSSASP00005000002	TAT	Y	TAC	Y
MN908947.3	10563	G	T	7	1	51	1	0	35	0.125	8	0.4	FALSE	CDS:ENSSASP00005000003	GGA	G	GTA	V
MN908947.3	10563	G	T	7	1	51	1	0	35	0.125	8	0.4	FALSE	CDS:ENSSASP00005000002	GGA	G	GTA	V
MN908947.3	11694	T	C	3	0	36	1	0	39	0.2	5	0.444444	FALSE	CDS:ENSSASP00005000003	GTT	V	GCT	A
MN908947.3	11694	T	C	3	0	36	1	0	39	0.2	5	0.444444	FALSE	CDS:ENSSASP00005000002	GTT	V	GCT	A
MN908947.3	11694	T	A	3	0	36	1	0	39	0.2	5	0.444444	FALSE	CDS:ENSSASP00005000003	GTT	V	GAT	D
MN908947.3	11694	T	A	3	0	36	1	0	39	0.2	5	0.444444	FALSE	CDS:ENSSASP00005000002	GTT	V	GAT	D
MN908947.3	12332	G	A	5	3	53	1	0	78	0.166667	6	0.428571	FALSE	CDS:ENSSASP00005000003	GCA	A	ACA	T
MN908947.3	12332	G	A	5	3	53	1	0	78	0.166667	6	0.428571	FALSE	CDS:ENSSASP00005000002	GCA	A	ACA	T
MN908947.3	12870	C	G	30	2	67	1	0	21	0.0322581	31	0.356322	FALSE	CDS:ENSSASP00005000003	ACT	T	AGT	S
MN908947.3	12870	C	G	30	2	67	1	0	21	0.0322581	31	0.356322	FALSE	CDS:ENSSASP00005000002	ACT	T	AGT	S
MN908947.3	12967	A	G	17	3	70	2	0	34	0.105263	19	0.124093	FALSE	CDS:ENSSASP00005000003	TTA	L	TTG	L
MN908947.3	12967	A	G	17	3	70	2	0	34	0.105263	19	0.124093	FALSE	CDS:ENSSASP00005000002	TTA	L	TTG	L
MN908947.3	14408	C	T	0	0	0	686	127	63	1	686	0	TRUE	CDS:ENSSASP00005000002	CTA	L	TTA	L
MN908947.3	15279	C	T	4	0	57	114	0	68	0.966102	118	2.98135e-85	TRUE	CDS:ENSSASP00005000002	ACC	T	ATC	I
MN908947.3	16105	A	G	31	10	64	1	1	33	0.03125	32	0.380952	FALSE	CDS:ENSSASP00005000002	TAA	*	TAG	*
MN908947.3	16176	T	C	2	1	37	1097	4	58	0.99818	1099	0	TRUE	CDS:ENSSASP00005000002	CTT	L	CCT	P
MN908947.3	16753	A	T	1	0	38	1	1	37	0.5	2	0.666667	FALSE	CDS:ENSSASP00005000002	CTA	L	CTT	L
MN908947.3	17975	A	G	14	0	62	1	0	32	0.0666667	15	0.365854	FALSE	CDS:ENSSASP00005000002	ACC	T	GCC	A
MN908947.3	18974	T	G	14	2	57	3	2	38	0.176471	17	0.0592334	FALSE	CDS:ENSSASP00005000002	TTC	F	GTC	V
MN908947.3	20153	A	-N	50	34	50	2	0	20	0.030303	66	0.195402	FALSE	NA	NA	NA	NA	NA
MN908947.3	20214	A	G	6	2	58	1	1	33	0.142857	7	0.411765	FALSE	CDS:ENSSASP00005000002	GAA	E	GGA	G
MN908947.3	20245	A	T	0	0	0	1	0	72	1	1	0.5	FALSE	CDS:ENSSASP00005000002	AAA	K	AAT	N
MN908947.3	20578	G	T	281	1	56	11	0	56	0.0376712	292	3.97346e-05	TRUE	CDS:ENSSASP00005000002	AAG	K	AAT	N
MN908947.3	21075	T	A	0	0	0	2	2	39	1	2	0.333333	FALSE	CDS:ENSSASP00005000002	TTA	L	TAA	*
MN908947.3	21764	A	-NNNNNN	316	2	66	530	0	20	0.953237	556	8.63155e-151	TRUE	NA	NA	NA	NA	NA
MN908947.3	21990	T	-NNN	80	30	60	105	0	20	0.807692	130	9.2463e-31	TRUE	NA	NA	NA	NA	NA
MN908947.3	21994	T	C	64	24	60	4	3	34	0.0588235	68	0.0210812	FALSE	CDS:ENSSASP00005000004	TAT	Y	TAC	Y
MN908947.3	23063	A	T	0	0	0	1380	432	64	1	1380	0	TRUE	CDS:ENSSASP00005000004	AAT	N	TAT	Y
MN908947.3	23271	C	A	1	0	62	5	0	45	0.833333	6	0.002997	TRUE	CDS:ENSSASP00005000004	GCT	A	GAT	D
MN908947.3	23403	A	G	0	0	0	8	4	52	1	8	7.9384e-06	TRUE	CDS:ENSSASP00005000004	GAT	D	GGT	G
MN908947.3	23604	C	A	0	0	0	1519	47	63	1	1519	0	TRUE	CDS:ENSSASP00005000004	CCT	P	CAT	H
MN908947.3	23709	C	T	0	0	0	1213	493	57	0.999176	1214	0	TRUE	CDS:ENSSASP00005000004	ACA	T	ATA	I
MN908947.3	24506	T	G	0	0	0	1	0	75	1	1	0.5	FALSE	CDS:ENSSASP00005000004	TCA	S	GCA	A
MN908947.3	24626	G	A	0	0	0	1	1	31	1	1	1	FALSE	CDS:ENSSASP00005000004	GCT	A	ACT	T
MN908947.3	24686	T	G	0	0	0	1	1	29	1	1	1	FALSE	CDS:ENSSASP00005000004	TTT	F	GTT	V
MN908947.3	24703	T	G	5	0	64	1	0	34	0.125	8	0.315789	FALSE	CDS:ENSSASP00005000004	TAT	Y	TAG	*
MN908947.3	24703	T	A	5	0	64	2	0	49	0.25	8	0.110526	FALSE	CDS:ENSSASP00005000004	TAT	Y	TAA	*
MN908947.3	24914	G	C	1	0	78	4488	1726	59	0.999777	4489	0	TRUE	CDS:ENSSASP00005000004	GAC	D	CAC	H
MN908947.3	26467	G	C	2	1	56	15	1	70	0.882353	17	1.24399e-10	TRUE	CDS:ENSSASP00005000010	GTC	V	CTC	L
MN908947.3	27972	C	T	0	0	0	169	28	65	1	169	7.12284e-131	TRUE	CDS:ENSSASP00005000008	CAA	Q	TAA	*
MN908947.3	28048	G	T	0	0	0	158	31	68	1	158	4.82139e-125	TRUE	CDS:ENSSASP00005000008	AGA	R	ATA	I
MN908947.3	28111	A	G	0	0	0	137	19	64	1	137	4.78776e-107	TRUE	CDS:ENSSASP00005000008	TAC	Y	TGC	C
MN908947.3	28253	C	-N	157	64	53	60	0	20	0.269058	223	2.38554e-18	TRUE	NA	NA	NA	NA	NA
MN908947.3	28254	A	C	101	8	60	78	13	54	0.435754	179	6.27387e-43	TRUE	CDS:ENSSASP00005000008	ATC	I	CTC	L
MN908947.3	28270	T	-N	1360	104	62	2183	0	20	0.974989	2239	0	TRUE	NA	NA	NA	NA	NA
MN908947.3	28280	G	C	4	1	56	1373	106	63	0.997095	1377	0	TRUE	CDS:ENSSASP00005000005	GAT	D	CAT	H
MN908947.3	28281	A	T	4	1	61	1373	107	63	0.997095	1377	0	TRUE	CDS:ENSSASP00005000005	GAT	D	GTT	V
MN908947.3	28282	T	A	3	1	58	1431	119	63	0.997213	1435	0	TRUE	CDS:ENSSASP00005000005	GAT	D	GAA	E
MN908947.3	28677	C	T	4	2	51	3959	1808	58	0.998991	3963	0	TRUE	CDS:ENSSASP00005000005	ACT	T	ATT	I
MN908947.3	28773	T	C	4	3	36	1	1	34	0.2	5	0.555556	FALSE	CDS:ENSSASP00005000005	TTG	L	TCG	S
MN908947.3	28881	G	A	0	0	0	1	1	39	1	1	1	FALSE	CDS:ENSSASP00005000005	AGG	R	AAG	K
MN908947.3	28882	G	A	0	0	0	1	1	38	1	1	1	FALSE	CDS:ENSSASP00005000005	AGG	R	AGA	R
MN908947.3	28883	G	C	0	0	0	1	1	38	1	1	1	FALSE	CDS:ENSSASP00005000005	GGA	G	CGA	R
MN908947.3	28977	C	T	0	0	0	1	1	38	1	1	1	FALSE	CDS:ENSSASP00005000005	TCT	S	TTT	F
MN908947.3	29577	T	A	37	2	54	5	0	71	0.119048	42	0.00695038	TRUE	CDS:ENSSASP00005000013	TTC	F	TAC	Y
MN908947.3	29736	G	C	18	1	44	1	0	74	0.0526316	19	0.44186	FALSE	NA	NA	NA	NA	NA
MN908947.3	29737	G	C	6	1	68	11	0	35	0.647059	17	3.91712e-06	TRUE	NA	NA	NA	NA	NA
MN908947.3	29743	C	A	6	1	68	1	0	27	0.142857	7	0.388889	FALSE	NA	NA	NA	NA	NA
